bracket,round,trial,budget,sample_type,config_batch_size,config_optimizer,config_momentum,config_hidden_size,config_scheduler_p,config_lerning_rate,config_activation,config_weight_decay,sample_loss,sample_acc,x,y
5,0,0,1,random,8,rms,0.923344998,32,False,0.0006756521972,tanh,0.0,2.076737881,0.2266,13.761965,-8.950424
5,0,1,1,random,32,rms,0.7414670522,64,True,0.007759265524,relu,0.0002449646011,2.194144487,0.1328,-9.861739,10.460458
5,0,2,1,random,16,rms,0.4977889685,64,False,0.005599818124,tanh,0.0005181650369,2.393126726,0.1172,-11.36568,-3.1337597
5,0,3,1,random,16,adam,0.0,32,False,0.03927089085,relu,0.0,2.21129179,0.1562,17.76737,1.3319528
5,0,4,1,random,16,adam,0.0,16,True,0.003811766177,relu,0.0002778652903,2.015418053,0.2422,11.963487,1.3682063
5,0,5,1,random,16,adam,0.0,32,True,0.000125214829,tanh,0.0,2.012664557,0.375,8.633592,4.3021274
5,0,6,1,random,16,sgd,0.575873084,64,False,0.001913798958,tanh,0.0,1.910959482,0.5078,-7.420508,0.3248149
5,0,7,1,random,16,rms,0.5660890863,16,True,0.002052679215,relu,0.0,2.304359198,0.0938,13.9924555,-4.6468806
5,0,8,1,random,32,sgd,0.4856414031,32,False,0.003608655565,lrelu,0.0,1.175402761,0.625,1.811061,13.265935
5,0,9,1,random,16,sgd,0.4298303204,32,True,0.0008098533783,tanh,0.0,2.046825886,0.3281,7.806927,-1.2137247
5,0,10,1,random,16,adam,0.0,64,True,0.0009049482327,tanh,0.0,1.034998178,0.7266,-9.391754,-0.17635816
5,0,11,1,random,8,rms,0.1376744647,64,False,0.00187548423,lrelu,0.0007988435981,0.8968532085,0.75,-15.297314,-13.686555
5,0,12,1,random,8,adam,0.0,32,True,0.0003037345015,relu,0.0,0.8759772182,0.7656,13.582197,2.533072
5,0,13,1,random,32,sgd,0.7401549734,32,True,0.0007577812393,lrelu,0.0002618010221,0.8592728376,0.7266,1.3817116,13.693192
5,0,14,1,random,32,adam,0.0,32,False,0.0007671192063,lrelu,0.0,0.9470943809,0.6484,1.6198394,11.218265
5,0,15,1,random,16,rms,0.462043822,16,True,0.003679599916,lrelu,0.0006882592485,1.583191156,0.4609,9.075191,-10.92618
5,0,16,1,random,32,adam,0.0,32,False,0.01495129472,relu,0.0006596383484,2.155932426,0.3594,-2.3089728,18.091091
5,0,17,1,random,8,adam,0.0,16,True,0.0002716640633,lrelu,0.0,1.868156195,0.3281,12.83921,6.2426963
5,0,18,1,random,32,adam,0.0,64,True,0.001115632238,relu,0.0004607343261,0.5323748589,0.8906,-12.891958,8.522781
5,0,19,1,random,8,sgd,0.9227142446,16,False,0.06879705263,lrelu,0.0009274801966,,0.0781,21.397158,-1.0028082
5,0,20,1,random,16,adam,0.0,64,True,0.01947400292,relu,0.0,2.004094839,0.2344,-8.7935095,-7.846083
5,0,21,1,random,32,adam,0.0,64,False,0.002382568147,tanh,0.0,1.002049685,0.7344,-9.6187525,5.7985306
5,0,22,1,random,32,rms,0.5418798429,64,True,0.0005415903811,relu,0.0009613908948,0.6202015877,0.8047,-16.711098,10.638002
5,0,23,1,random,32,adam,0.0,64,True,0.05778248162,tanh,0.0,2.41669035,0.1562,-2.7300956,3.9427836
5,0,24,1,random,16,rms,0.136989553,64,True,0.000642756937,relu,0.0,0.6193229556,0.8359,-8.269386,-5.0365405
5,0,25,1,random,16,rms,0.2680307874,32,False,0.03606310727,relu,0.0,2.315932274,0.1094,17.633966,-1.9918554
5,0,26,1,random,32,rms,0.735326314,16,False,0.0008935374675,relu,0.0,2.19665575,0.1406,3.0309298,16.993656
5,0,27,1,random,8,adam,0.0,16,True,0.09064537935,tanh,0.0,2.35191226,0.1094,22.258245,1.7942516
5,0,28,1,random,16,sgd,0.8994581884,32,True,0.08270453227,relu,0.0,2.317756414,0.0625,21.684208,0.8034034
5,0,29,1,random,8,sgd,0.8083294068,64,True,0.02102235429,relu,0.0008605327544,2.310947657,0.0625,-16.045036,-7.683587
5,0,30,1,random,16,rms,0.4308372828,16,True,0.0001557357181,lrelu,0.0,1.726492643,0.4141,10.80264,-6.256067
5,0,31,1,random,16,adam,0.0,64,False,0.001179097192,lrelu,0.0007557388921,0.5756701231,0.8516,-13.095605,-12.498787
5,0,32,1,random,32,rms,0.2327457041,64,False,0.002342482382,relu,0.0006734137075,0.9161880612,0.7578,-15.850823,10.90635
5,0,33,1,random,16,adam,0.0,32,False,0.0001728680511,lrelu,0.0,1.538266182,0.5156,11.20008,5.4599314
5,0,34,1,random,32,adam,0.0,16,True,0.001850770568,tanh,0.0,2.080131292,0.2734,4.5245237,11.163982
5,0,35,1,random,8,rms,0.2705681696,32,False,0.0001683198368,lrelu,0.0,0.7484644651,0.7188,11.561762,-7.2344246
5,0,36,1,random,16,rms,0.7126455617,64,True,0.00208157453,lrelu,0.0,0.8885073066,0.6562,-6.0977683,-4.842238
5,0,37,1,random,16,adam,0.0,64,True,0.001973337442,relu,0.0,0.5382781625,0.8672,-9.769821,-7.9134827
5,0,38,1,random,16,sgd,0.2086680106,16,True,0.06252798027,lrelu,0.0,,0.0781,20.29464,0.73221195
5,0,39,1,random,32,sgd,0.6646286502,32,False,0.00511449146,relu,4.74e-05,2.306881666,0.0938,3.2143443,14.792519
5,0,40,1,random,8,sgd,0.001018448953,16,False,0.03065672682,tanh,0.0,2.264635801,0.1641,16.511086,-0.214519
5,0,41,1,random,8,rms,0.5099272367,64,False,0.005844896283,relu,0.0001415836492,2.095637083,0.2734,-9.159269,-5.148327
5,0,42,1,random,32,sgd,0.8187777607,64,True,0.0001989292562,relu,0.0008991233743,0.8441371918,0.7656,-15.089075,9.818864
5,0,43,1,random,32,adam,0.0,64,False,0.002443485724,tanh,0.0,1.144737959,0.6562,-9.618871,5.797703
5,0,44,1,random,8,rms,0.928257314,32,False,0.0160540702,lrelu,0.0,4577.264648,0.5,11.996068,-7.652646
5,0,45,1,random,8,sgd,0.3764779495,16,False,0.005952708678,relu,0.0,2.309628248,0.1094,12.477964,-2.089676
5,0,46,1,random,16,rms,0.2654695633,64,True,0.002762294785,tanh,0.0,1.533478498,0.3906,-7.8787084,-1.9344298
5,0,47,1,random,8,rms,0.6240184282,32,False,0.07011172625,relu,0.0007398488388,2.32891345,0.1094,22.18009,-0.92125636
5,0,48,1,random,32,adam,0.0,16,False,0.001320932863,relu,0.0,1.912024975,0.2969,5.2313824,15.352219
5,0,49,1,random,8,sgd,0.8680446475,32,True,0.01028782379,tanh,0.0,2.310078144,0.1094,9.059503,-1.0692427
5,0,50,1,random,16,sgd,0.8734023592,32,False,0.02308487471,tanh,0.0,2.128484011,0.1953,15.956611,-0.3398088
5,0,51,1,random,32,rms,0.9484778746,16,True,0.0001239141247,lrelu,0.0005135484707,1.848293781,0.3281,-0.73148805,14.144554
5,0,52,1,random,8,sgd,0.4233987487,64,False,0.0603248691,lrelu,0.0,,0.0781,-0.31048965,1.3737872
5,0,53,1,random,16,sgd,0.2940044439,16,False,0.00166377442,relu,0.0,2.062443256,0.2266,11.662709,-1.4661849
5,0,54,1,random,16,rms,0.7251154761,16,False,0.05266552395,relu,0.0007102176113,2.363583088,0.1094,22.074919,-1.3102118
5,0,55,1,random,16,rms,0.8531316265,16,True,0.04369869776,lrelu,0.0008529055054,16312.02344,0.4375,9.983119,-13.030459
5,0,56,1,random,16,adam,0.0,16,True,0.03382072244,tanh,1.86e-07,2.294990063,0.1719,16.996248,0.98575306
5,0,57,1,random,8,sgd,0.2201227548,32,True,0.003551511608,lrelu,9.3e-05,1.326636314,0.6016,8.4399805,-4.558022
5,0,58,1,random,8,adam,0.0,32,False,0.0001888730961,tanh,0.0004533663968,1.831364512,0.5312,13.842966,-12.240389
5,0,59,1,random,8,sgd,0.468276663,16,False,0.03259536446,lrelu,0.0,,0.0781,18.139944,0.037180763
5,0,60,1,random,16,adam,0.0,64,True,0.01152874638,lrelu,0.0003766997261,1.29058218,0.6094,-7.2902083,-9.109513
5,0,61,1,random,32,sgd,0.7196920866,64,True,0.005493127038,relu,0.0,2.308721066,0.0938,-7.1685157,8.91192
5,0,62,1,random,32,sgd,0.8012643142,16,False,0.04062126844,relu,0.0002352216729,2.308191061,0.0625,7.849992,13.968123
5,0,63,1,random,8,adam,0.0,64,True,0.01199269719,lrelu,0.0,1.614910007,0.6094,-6.881078,-7.8129373
5,0,64,1,random,8,adam,0.0,32,True,0.001438002595,relu,0.0,0.8501849174,0.7344,13.616562,2.477384
5,0,65,1,random,32,sgd,0.3360210287,32,False,0.06394776889,lrelu,0.0,,0.0781,20.217178,2.423038
5,0,66,1,random,8,sgd,0.6218941052,16,False,0.0003238969022,relu,0.000730556551,1.874714375,0.3281,5.885969,-8.513292
5,0,67,1,random,16,sgd,0.7893675133,64,True,0.01408372716,lrelu,0.0003519825642,,0.0781,-5.585019,-9.951813
5,0,68,1,random,16,rms,0.5370303501,32,True,0.0002630999393,relu,0.0004291605375,0.6453993917,0.7734,13.659317,-6.3620095
5,0,69,1,random,32,sgd,0.1085863909,64,False,0.02242647095,relu,0.0007392956631,2.301710606,0.1094,-14.454707,10.326791
5,0,70,1,random,16,rms,0.501821423,64,False,0.02686720681,tanh,0.0,2.822702885,0.1094,-6.3176036,-1.9298891
5,0,71,1,random,8,sgd,0.3597610033,64,True,0.001544505721,tanh,0.0006849531791,1.812416315,0.6484,-10.522399,-12.469874
5,0,72,1,random,16,adam,0.0,64,False,0.03268456014,lrelu,0.0,4.294091702,0.375,-6.0483875,-7.8286157
5,0,73,1,random,8,rms,0.0780090568,16,True,0.02126019908,lrelu,0.0009792076627,3.401688099,0.1797,9.368856,-12.372064
5,0,74,1,random,8,adam,0.0,16,False,0.0004407859759,relu,0.0,1.757328272,0.4062,12.800448,2.0567384
5,0,75,1,random,16,adam,0.0,64,True,0.01068559354,lrelu,0.0002544411477,1.187636852,0.6484,-7.172663,-8.870558
5,0,76,1,random,8,adam,0.0,64,False,0.001852675045,relu,0.0,0.5709784627,0.8516,-9.9056635,-7.2252784
5,0,77,1,random,32,adam,0.0,64,True,0.002080294283,lrelu,0.0,0.6346232891,0.8359,-10.830713,6.5245433
5,0,78,1,random,16,rms,0.7351680593,64,True,0.08324720776,tanh,0.0,11.16338158,0.0938,-1.6213595,2.1929548
5,0,79,1,random,16,adam,0.0,64,False,0.06658710188,lrelu,0.0,7.606127739,0.4453,-0.72925895,2.366918
5,0,80,1,random,32,adam,0.0,32,False,0.03156958833,relu,0.0,2.305236816,0.1172,7.2361016,15.053477
5,0,81,1,random,8,rms,0.101995977,64,True,0.002728987592,lrelu,0.0006022826755,0.615180552,0.8438,-14.966224,-14.11275
5,0,82,1,random,32,adam,0.0,16,False,0.0001313788624,lrelu,0.0009455839445,2.437565565,0.1562,-1.7075844,16.477781
5,0,83,1,random,8,rms,0.5790985189,16,True,0.007268074841,relu,0.0006639404532,2.311140537,0.0625,8.000224,-9.3053
5,0,84,1,random,16,adam,0.0,32,False,0.01189711215,lrelu,0.0,1.337990403,0.5234,10.8985195,5.5971603
5,0,85,1,random,32,adam,0.0,16,True,0.01585284081,relu,0.0,2.310481548,0.0625,5.956229,15.28564
5,0,86,1,random,16,sgd,0.7554458691,32,True,0.001754033353,lrelu,0.0,1.525859952,0.5391,7.5533495,-4.310185
5,0,87,1,random,8,rms,0.4517942099,16,False,0.007905684478,relu,0.0,2.310929775,0.0625,15.359567,-4.4430227
5,0,88,1,random,8,adam,0.0,16,False,0.0006834415697,relu,0.0001844357442,1.554634452,0.4766,12.876985,1.4699118
5,0,89,1,random,32,adam,0.0,16,False,0.05877813486,lrelu,0.0005651829513,6.975375652,0.1641,20.61338,3.3425539
5,0,90,1,random,8,sgd,0.3113464963,32,False,0.001619735955,lrelu,0.0005127042974,1.011407018,0.6719,5.9587464,-10.638367
5,0,91,1,random,16,rms,0.8688648389,64,True,0.001908224067,lrelu,0.0005688868181,3.494686127,0.5859,-15.070888,-14.735961
5,0,92,1,random,16,sgd,0.8508259092,32,True,0.0002838832308,relu,0.0003185515344,0.7692041993,0.7109,10.738952,-2.9450455
5,0,93,1,random,32,sgd,0.8570221404,64,True,0.055964789,tanh,0.0,2.517443419,0.0859,-3.3889463,4.3731046
5,0,94,1,random,32,adam,0.0,64,False,0.008047441231,lrelu,0.0,1.097235203,0.7109,-10.820005,6.5224447
5,0,95,1,random,32,rms,0.3021294911,64,False,0.003113668984,relu,0.00027214407,1.796357155,0.3281,-10.218322,10.261437
5,0,96,1,random,8,adam,0.0,32,False,0.001152389792,tanh,0.0,1.480376005,0.5234,8.9891205,3.4122272
5,0,97,1,random,8,rms,0.4879433263,32,True,0.0001024601585,tanh,0.0003803535476,1.7283324,0.5312,13.006871,-10.198788
5,0,98,1,random,32,rms,0.5876636802,32,False,0.003618745625,relu,0.0002625148824,2.246687174,0.125,1.6757032,17.066456
5,0,99,1,random,8,sgd,0.08037702678,32,False,0.0005615521145,tanh,0.0,2.060969591,0.3281,8.66719,-1.1695908
5,0,100,1,random,8,adam,0.0,64,True,0.003361490103,relu,0.0007516415139,0.7870941162,0.7578,-13.290582,-9.547556
5,0,101,1,random,32,rms,0.4846506328,32,True,0.003618344389,lrelu,0.0001801709761,1.316286564,0.5312,-0.10603731,12.961844
5,0,102,1,random,8,sgd,0.2434800989,16,True,0.0006942384553,relu,0.0002195483805,1.75273478,0.3125,12.349326,-2.4455864
5,0,103,1,random,16,adam,0.0,32,False,0.0007161602559,tanh,0.0,1.552207112,0.5703,8.65452,4.284773
5,0,104,1,random,16,rms,0.5538227868,16,False,0.0003879538035,lrelu,0.0001240130036,1.59115088,0.5,10.703709,-6.3484883
5,0,105,1,random,8,sgd,0.6364885935,32,False,0.003764995534,tanh,0.0,2.080010653,0.2578,8.751673,-1.1467125
5,0,106,1,random,8,adam,0.0,64,True,0.004336236213,tanh,0.0,1.403742075,0.5312,-9.574272,-0.8405225
5,0,107,1,random,32,rms,0.6415592028,16,True,0.005040262396,relu,0.0,2.312981844,0.0625,3.1603818,17.02116
5,0,108,1,random,16,sgd,0.9813796498,32,False,0.003201229378,relu,4.83e-05,2.317305326,0.0625,11.16019,-2.2731824
5,0,109,1,random,8,adam,0.0,16,True,0.004442581949,tanh,0.0,2.12625432,0.2109,8.496888,2.8371997
5,0,110,1,random,16,sgd,0.7101656934,32,False,0.05406791487,lrelu,0.0,,0.0781,19.70939,0.71663874
5,0,111,1,random,16,adam,0.0,16,False,0.0001193871113,relu,0.0,2.337925673,0.2031,11.8819275,2.2666583
5,0,112,1,random,16,rms,0.5571089972,64,False,0.0009289094296,tanh,0.000482919017,1.598863244,0.4062,-11.255984,-3.0959759
5,0,113,1,random,32,adam,0.0,32,True,0.00425581112,relu,0.0,1.682164192,0.3438,4.9798293,15.349722
5,0,114,1,random,32,sgd,0.6828117631,64,False,0.0411053588,tanh,0.0002388413044,2.057607889,0.1953,-4.0466475,4.777599
5,0,115,1,random,8,sgd,0.9685623517,32,True,0.001308257498,lrelu,0.0008946191874,1.995810866,0.3125,5.6707025,-11.46852
5,0,116,1,random,32,sgd,0.6576189071,32,True,0.02314632857,tanh,0.0,2.101029873,0.2812,5.7281804,12.965247
5,0,117,1,random,32,rms,0.9623010178,64,True,0.02950668923,relu,0.0002510635032,6.056006908,0.1172,-8.649314,11.133699
5,0,118,1,random,32,sgd,0.9838380753,64,True,0.0008878869212,lrelu,0.0003595762344,2.681301832,0.4141,-6.016332,7.5264196
5,0,119,1,random,8,adam,0.0,16,False,0.003587839493,lrelu,0.0009013382254,1.444907904,0.5156,6.99261,-13.018808
5,0,120,1,random,8,rms,0.003814652123,64,True,0.001805111425,relu,0.0008367354422,0.8368419409,0.7734,-16.487692,-10.341852
5,0,121,1,random,16,rms,0.1038703907,64,True,0.06005161529,tanh,0.0,4.98250246,0.0625,-1.7945046,1.7677385
5,0,122,1,random,8,sgd,0.9496538298,64,False,0.00578301233,relu,0.0007710479119,2.312998533,0.0625,-15.651454,-8.04702
5,0,123,1,random,32,rms,0.06355930482,64,False,0.006071136594,tanh,0.0,1.789409041,0.3359,-8.712765,7.390197
5,0,124,1,random,32,adam,0.0,16,True,0.006383183681,lrelu,0.0005373378992,1.678758264,0.3906,-1.2978958,15.743351
5,0,125,1,random,8,sgd,0.05756510757,64,False,0.0001802629701,tanh,0.0009390468814,2.206300259,0.1875,-10.832457,-12.699791
5,0,126,1,random,8,adam,0.0,64,True,0.003097763824,relu,0.0,1.083030462,0.7109,-9.800273,-7.272063
5,0,127,1,random,8,sgd,0.7980482895,32,False,0.0004929515433,relu,9.21e-05,0.7809317112,0.7344,11.778257,-2.9163032
5,0,128,1,random,16,sgd,0.2094486807,64,True,0.06622736431,relu,0.0004363041044,2.306201935,0.0625,0.24750325,2.1549041
5,0,129,1,random,16,rms,0.3915784111,32,True,0.0007548947642,tanh,0.0009029285083,1.698535085,0.3438,11.488775,-11.594001
5,0,130,1,random,32,adam,0.0,32,True,0.003906317271,relu,0.0005699683273,1.204859972,0.5234,-2.2478724,18.04599
5,0,131,1,random,32,sgd,0.8583122742,32,True,0.0001414092876,relu,0.0,1.569201827,0.4453,3.2650678,14.774329
5,0,132,1,random,8,rms,0.4848552044,64,False,0.05869897908,lrelu,0.0,1544.601318,0.5391,-0.98079866,1.1334745
5,0,133,1,random,32,rms,0.9147762238,64,True,0.05515776214,relu,0.0,3.338842154,0.0938,-2.6664937,5.3979034
5,0,134,1,random,16,rms,0.505936164,16,True,0.0003041852472,tanh,0.0005269383412,2.10014987,0.3047,12.050731,-10.966691
5,0,135,1,random,32,adam,0.0,16,False,0.001987629231,tanh,0.0,2.062551498,0.3516,4.5284534,11.175364
5,0,136,1,random,8,adam,0.0,64,True,0.001244281859,relu,0.000597572988,0.8154217601,0.8125,-12.634474,-9.264148
5,0,137,1,random,16,rms,0.7187776121,32,False,0.09555074846,relu,0.0002005307545,2.33742094,0.0625,22.714886,0.7055562
5,0,138,1,random,8,adam,0.0,32,True,0.0001299755901,relu,0.0004724244958,1.45439899,0.5078,13.662624,0.7323232
5,0,139,1,random,8,sgd,0.2818514758,32,True,0.000285801697,lrelu,0.0008064692276,0.9156012535,0.6797,5.7345304,-11.307448
5,0,140,1,random,8,sgd,0.4150692421,64,True,0.03830039241,relu,0.0001775991208,2.308716297,0.0625,-3.0837102,-6.839004
5,0,141,1,random,16,adam,0.0,64,False,0.04012646252,tanh,0.0004969295712,2.198967457,0.1328,-2.7006717,-4.6484323
5,0,142,1,random,8,adam,0.0,64,True,0.008592583633,relu,0.0,1.250807047,0.5859,-9.243903,-7.365891
5,0,143,1,random,32,sgd,0.5667558435,64,False,0.0003982594829,lrelu,0.0,0.7842642665,0.8047,-6.155903,7.5309744
5,0,144,1,random,32,adam,0.0,32,False,0.001030137399,relu,0.0007833187688,0.7494128346,0.7422,-2.275829,17.944443
5,0,145,1,random,16,rms,0.3848159624,32,True,0.04956982533,tanh,8.57e-05,2.878633261,0.1094,18.427263,-0.86728805
5,0,146,1,random,32,rms,0.08236747512,64,True,0.04311033131,relu,0.0,2.231438637,0.1328,-2.7865415,5.581978
5,0,147,1,random,8,sgd,0.1797414739,32,True,0.004477525867,relu,0.0,2.020723104,0.2344,11.981107,-2.8008916
5,0,148,1,random,8,adam,0.0,64,False,0.01077509931,lrelu,0.0,0.9964549541,0.6953,-6.904446,-7.809125
5,0,149,1,random,8,sgd,0.4375842314,16,True,0.03628773702,tanh,0.000660915553,2.279933929,0.1406,11.142171,-13.974791
5,0,150,1,random,32,sgd,0.3995617497,64,False,0.00076369237,tanh,0.0,2.168279886,0.1875,-7.494325,6.3662696
5,0,151,1,random,32,adam,0.0,64,True,0.0009953249488,tanh,0.0007594639058,1.256249666,0.7656,-14.777287,6.6421633
5,0,152,1,random,32,adam,0.0,64,False,0.002906624254,relu,0.0001830581175,0.8106150031,0.75,-11.6638,8.41881
5,0,153,1,random,8,adam,0.0,32,False,0.004366962702,relu,0.0,1.568895698,0.4453,13.766926,2.2908196
5,0,154,1,random,16,sgd,0.4250805294,16,False,0.0005209304927,lrelu,0.0003035350706,2.003997087,0.2656,7.1706347,-5.434653
5,0,155,1,random,16,rms,0.9555798298,16,False,0.02565364165,tanh,0.0006029663153,11.63702106,0.1094,11.253933,-12.800725
5,0,156,1,random,16,rms,0.5817715648,64,True,0.001955041528,lrelu,0.0,1.028438687,0.7266,-6.0990396,-4.839116
5,0,157,1,random,16,adam,0.0,32,True,0.070734728,lrelu,0.0,2.395097256,0.3984,20.503336,1.6510367
5,0,158,1,random,16,sgd,0.1977774369,16,True,0.06311113984,relu,0.0003150794366,2.308421135,0.0625,21.475536,0.15523857
5,0,159,1,random,32,adam,0.0,16,False,0.00230940763,tanh,0.000313264006,2.215928316,0.1719,3.8079484,11.301884
5,0,160,1,random,16,adam,0.0,64,False,0.0134661147,tanh,0.0,1.854640007,0.3203,-9.264814,-0.116926685
5,0,161,1,random,16,rms,0.5400688389,64,False,0.0004861567811,tanh,0.0004330663531,1.174503684,0.6172,-11.058149,-3.0300257
5,0,162,1,random,32,adam,0.0,64,False,0.0001077221357,tanh,0.0008457904184,2.058592081,0.3906,-14.915412,6.6779175
5,0,163,1,random,16,sgd,0.3151146782,32,True,0.001231782492,tanh,0.0,2.032912254,0.3438,7.812316,-1.2118391
5,0,164,1,random,8,adam,0.0,16,False,0.009000392505,relu,0.0003153485681,2.309592724,0.0625,12.941707,1.0160936
5,0,165,1,random,32,sgd,0.2977184207,32,True,0.0005218570027,relu,0.0,1.251282215,0.5703,3.2665043,14.7737875
5,0,166,1,random,8,rms,0.6133889235,64,False,0.02611262817,lrelu,0.0,333.4095764,0.5,-5.147437,-6.213137
5,0,167,1,random,16,sgd,0.9931328649,32,True,0.07426069316,lrelu,0.0,,0.0781,20.561394,1.0446774
5,0,168,1,random,32,sgd,0.2898229499,64,True,0.0003294073538,relu,0.0,1.018004775,0.7109,-7.2674785,9.043361
5,0,169,1,random,8,adam,0.0,32,False,0.001250428327,lrelu,0.0,0.5758994222,0.8203,12.612882,5.201428
5,0,170,1,random,16,rms,0.4701736215,16,False,0.08294468427,relu,0.0001489220353,2.325619698,0.1094,22.379644,0.6747853
5,0,171,1,random,16,sgd,0.4223175858,64,True,0.002039580872,tanh,0.0005022368103,1.909942508,0.5156,-9.980945,-12.199055
5,0,172,1,random,32,rms,0.9559781989,64,True,0.0006339657737,tanh,0.0,1.462487936,0.5078,-8.771835,7.315951
5,0,173,1,random,16,adam,0.0,16,True,0.001210351147,lrelu,0.0,1.664026856,0.5,11.460383,6.4687667
5,0,174,1,random,32,adam,0.0,16,False,0.0007708393803,tanh,0.0,2.104966402,0.375,4.4496346,11.029567
5,0,175,1,random,16,rms,0.5651304125,32,False,0.000458188442,lrelu,0.0007773953422,0.7415200472,0.7578,8.51311,-11.056933
5,0,176,1,random,32,adam,0.0,32,False,0.0005122888931,lrelu,0.0,1.263798118,0.5781,1.6079214,11.204818
5,0,177,1,random,32,rms,0.5820201567,64,False,0.0007727837792,relu,0.0001804988002,0.6435462236,0.8359,-9.945835,9.982922
5,0,178,1,random,32,rms,0.2375806682,64,False,0.0003971157468,tanh,0.0001669832932,1.260394931,0.7031,-9.021979,7.455097
5,0,179,1,random,16,rms,0.8879862687,32,False,0.0003077332236,tanh,0.0,1.674815059,0.2969,14.131774,-8.630821
5,0,180,1,random,8,rms,0.1349941916,32,True,0.003050472191,relu,0.0,2.1437819,0.1953,15.132749,-5.516041
5,0,181,1,random,8,adam,0.0,32,False,0.02931987063,tanh,0.00097559392,2.290444613,0.1562,9.338916,-14.385455
5,0,182,1,random,16,adam,0.0,16,True,0.0001203700361,relu,0.0,2.332863808,0.2031,11.881855,2.2668507
5,0,183,1,random,16,sgd,0.3223927401,16,False,0.001328190791,relu,1.18e-05,2.151691198,0.1719,11.644583,-1.4788443
5,0,184,1,random,16,sgd,0.4472809389,16,True,0.0004766053412,relu,0.0009290487385,2.01939559,0.2344,5.2191114,-8.722999
5,0,185,1,random,16,rms,0.3914725794,32,True,0.006852376454,lrelu,0.0002419178504,2.241122961,0.2422,10.543844,-8.030665
5,0,186,1,random,16,rms,0.5786096006,16,True,0.03054151879,lrelu,0.0,183.7315063,0.3516,18.60765,-2.2472796
5,0,187,1,random,32,rms,0.5446135178,32,True,0.003266840651,tanh,0.0006840411393,1.658149838,0.3438,-3.2876484,15.080138
5,0,188,1,random,16,sgd,0.4090191512,32,True,0.002305548127,relu,0.0,1.772565484,0.3047,11.175938,-2.207729
5,0,189,1,random,16,sgd,0.3777453087,16,True,0.001155251047,tanh,0.0004942927729,2.190898657,0.2422,6.6073003,-0.63114935
5,0,190,1,random,16,sgd,0.1426622219,16,False,0.0001402037588,tanh,0.000157169153,2.31409812,0.0625,7.3786664,-0.3544054
5,0,191,1,random,16,rms,0.07506290428,32,False,0.02523037332,lrelu,0.0,2.301056623,0.375,18.311977,-2.6321578
5,0,192,1,random,8,sgd,0.1883773525,32,False,0.0001101813835,lrelu,0.0,1.468797922,0.5078,8.410042,-4.407131
5,0,193,1,random,8,adam,0.0,16,True,0.0001169771603,relu,0.0002557098826,2.1877985,0.25,12.918202,1.266536
5,0,194,1,random,32,sgd,0.03917316627,64,True,0.001195020493,tanh,0.0,2.145003796,0.2969,-7.4802594,6.364228
5,0,195,1,random,16,sgd,0.01724435317,16,False,0.09390731783,relu,0.0004679779586,2.308845282,0.0625,22.25381,0.30557373
5,0,196,1,random,32,sgd,0.3617566614,64,False,0.01271456827,relu,0.0,2.30074811,0.1094,-6.958393,8.790828
5,0,197,1,random,8,rms,0.6013704,32,False,0.0001711915324,relu,0.0,0.770978868,0.7422,14.929863,-5.7308736
5,0,198,1,random,8,rms,0.2618196811,64,False,0.001948519852,tanh,0.0,1.494249701,0.4531,-8.218095,-2.8700612
5,0,199,1,random,32,sgd,0.2485310419,16,True,0.004415573079,relu,0.0009032716624,2.30556035,0.1094,-0.8737853,17.991783
5,0,200,1,random,32,adam,0.0,32,False,0.006457374825,lrelu,0.0,1.38490963,0.5156,1.8617187,11.31477
5,0,201,1,random,16,sgd,0.9225240525,64,False,0.002477455566,relu,0.000548647495,2.303300619,0.1172,-14.878436,-7.2920046
5,0,202,1,random,8,rms,0.04990214708,32,True,0.0001589747723,tanh,0.0003875101176,1.772583842,0.5703,12.995314,-10.215049
5,0,203,1,random,16,rms,0.009080531177,32,True,0.0001086312736,tanh,0.000470883837,1.925916433,0.4297,12.475374,-10.634057
5,0,204,1,random,8,rms,0.8660172141,64,False,0.03717195508,relu,0.0,2.355018854,0.1094,-3.5208757,-6.1982446
5,0,205,1,random,16,sgd,0.555745783,16,True,0.01853848396,relu,0.0,2.306662798,0.1172,12.751289,-1.3046904
5,0,206,1,random,8,sgd,0.316760623,16,False,0.001465268357,tanh,7.99e-05,2.260674477,0.1328,8.368637,-0.2055955
5,0,207,1,random,32,adam,0.0,16,True,0.002708652504,relu,0.0008133635574,2.180875063,0.1719,-1.7683698,17.687796
5,0,208,1,random,8,adam,0.0,16,True,0.000496390862,lrelu,0.0,1.438899636,0.5078,12.834093,6.2402277
5,0,209,1,random,16,rms,0.858728884,16,True,0.0005542734042,tanh,0.000978038714,2.117714405,0.2188,11.372241,-11.578589
5,0,210,1,random,8,rms,0.8453915914,32,True,0.0005772487315,relu,0.0008547672987,1.721377611,0.3906,7.541042,-9.312166
5,0,211,1,random,16,rms,0.6633591812,64,False,0.02461043162,tanh,0.0,4.474102497,0.1094,-6.4125667,-1.9499264
5,0,212,1,random,16,adam,0.0,64,False,0.06435622367,tanh,0.0,2.494525194,0.1641,-1.5041612,2.7020628
5,0,213,1,random,32,adam,0.0,16,False,0.008240265044,lrelu,0.0,1.717398047,0.3984,2.337875,10.745939
5,0,214,1,random,8,sgd,0.1392746044,16,True,0.007274302494,lrelu,0.0,1.103147984,0.6562,8.822301,-3.8414402
5,0,215,1,random,16,adam,0.0,32,False,0.001445439184,lrelu,0.0,0.7805686593,0.6953,11.184143,5.47544
5,0,216,1,random,32,sgd,0.1814519453,32,True,0.004944823327,relu,0.0002582063488,1.879873753,0.2422,2.6814392,15.017533
5,0,217,1,random,16,sgd,0.1379811774,16,False,0.002566967452,relu,0.0,2.201453924,0.1562,11.705129,-1.46419
5,0,218,1,random,8,adam,0.0,32,False,0.008308685911,lrelu,9.11e-05,1.145235658,0.6953,13.008114,5.1141376
5,0,219,1,random,32,rms,0.2733981145,64,False,0.004600401503,tanh,0.0002475568141,1.560238361,0.3984,-9.131362,7.529432
5,0,220,1,random,8,rms,0.08255838506,32,True,0.0008299644628,relu,0.0,0.9833186269,0.6641,14.944205,-5.6346955
5,0,221,1,random,32,sgd,0.05288580979,64,True,0.0001297982577,relu,0.0007258671988,1.937325835,0.5078,-14.792241,9.876842
5,0,222,1,random,32,rms,0.4814822195,32,True,0.002340313345,lrelu,0.0,1.165336132,0.625,0.09617628,12.62725
5,0,223,1,random,8,rms,0.9903416381,32,True,0.02990225569,lrelu,0.0007113274196,34315340.0,0.4922,9.790392,-12.506643
5,0,224,1,random,16,rms,0.9616313495,64,True,0.000403793764,lrelu,0.0,5.391688824,0.6562,-6.115411,-4.8028655
5,0,225,1,random,8,sgd,0.2778508348,32,True,0.02047176576,relu,0.0,2.304867983,0.0625,13.522438,-1.920273
5,0,226,1,random,32,rms,0.06294908914,64,False,0.0002559034871,relu,0.0004837518641,0.6721819043,0.8125,-11.228466,10.515238
5,0,227,1,random,8,sgd,0.2538246712,16,False,0.005568644866,tanh,0.0,2.263053417,0.2188,8.721373,-0.20628166
5,0,228,1,random,32,sgd,0.5179958451,32,True,0.03097932231,lrelu,0.0,,0.0781,6.7855334,12.934569
5,0,229,1,random,16,sgd,0.06476103542,64,True,0.007192124228,tanh,0.0009770395135,1.90057981,0.5312,-10.919859,-12.882778
5,0,230,1,random,32,adam,0.0,16,False,0.0002975550558,relu,0.0008451250765,2.184158087,0.2031,-1.7630287,17.674778
5,0,231,1,random,8,rms,0.4195674481,16,False,0.02537191791,lrelu,0.0006131672598,1.867220044,0.375,9.787901,-12.158808
5,0,232,1,random,32,adam,0.0,64,False,0.00033255752,relu,0.0007525495542,0.8672486544,0.7109,-15.036636,8.26005
5,0,233,1,random,32,adam,0.0,64,False,0.0008521819009,tanh,0.0,1.343702793,0.7422,-9.616429,5.8174934
5,0,234,1,random,32,rms,0.5102895069,32,True,0.01880637611,relu,0.0,2.313668013,0.0625,3.7594564,17.27257
5,0,235,1,random,16,rms,0.4596167325,16,False,0.002246831763,lrelu,0.0,1.723245978,0.3672,10.81249,-6.2664905
5,0,236,1,random,8,rms,0.2898503149,64,False,0.01163555287,lrelu,0.0,1.488531351,0.4922,-5.7696447,-5.8381143
5,0,237,1,random,16,rms,0.4646981669,64,False,0.0005381034575,tanh,0.0007631794109,1.234289169,0.5781,-12.019442,-3.4115262
5,0,238,1,random,8,adam,0.0,64,True,0.02821770794,tanh,0.0007634492372,2.429137945,0.1094,-10.389264,-10.617521
5,0,239,1,random,8,rms,0.33664824,64,False,0.001258389448,relu,0.000478152964,0.555316031,0.8125,-12.372474,-6.1010213
5,0,240,1,random,32,adam,0.0,16,True,0.001208077204,tanh,0.0001636050164,2.127616882,0.3672,4.0874724,11.234597
5,0,241,1,random,32,adam,0.0,16,False,0.0003598674781,tanh,0.0,2.1905756,0.3203,4.431286,10.988243
5,0,242,1,random,16,sgd,0.2452657591,32,False,0.000131319073,relu,0.0007149832274,1.707680345,0.3984,5.331412,-8.444594
5,1,0,3,samples,8,sgd,0.7980482895,32,False,0.0004929515433,relu,9.21e-05,0.6595597267,0.8203,11.776681,-2.9187112
5,1,1,3,BO,8,rms,0.0,64,True,0.001683759363,relu,0.001,0.7177320123,0.8906,-17.215693,-11.250937
5,1,2,3,samples,8,adam,0.0,64,True,0.004336236213,tanh,0.0,1.328522921,0.5078,-9.573644,-0.8454468
5,1,3,3,BO,32,rms,0.1679959506,64,False,0.001920049145,relu,0.001,0.4677540958,0.8672,-17.303522,10.068862
5,1,4,3,samples,8,adam,0.0,32,True,0.0003037345015,relu,0.0,0.5012406707,0.8281,13.571694,2.5372849
5,1,5,3,BO,16,rms,0.0860550163,64,False,0.001013236004,relu,0.001,0.620423317,0.8281,-18.172937,-10.16651
5,1,6,3,BO,32,rms,0.4972929528,64,False,0.0005417077146,relu,0.001,0.4816195071,0.8906,-17.290735,10.0136795
5,1,7,3,BO,8,rms,0.01590528405,64,True,0.002539731257,relu,0.0,0.6084942222,0.8438,-8.909702,-5.1324754
5,1,8,3,BO,8,rms,0.0,64,False,0.001434176391,relu,0.001,0.6189094186,0.8828,-17.208849,-10.916454
5,1,9,3,BO,8,adam,0.0,64,True,0.0007152107473,relu,0.001,0.4125674963,0.8828,-14.149355,-10.180579
5,1,10,3,BO,16,rms,0.0,64,True,0.001565242603,relu,0.001,0.4288145602,0.8906,-18.18846,-9.882289
5,1,11,3,BO,8,rms,0.4132687314,64,True,0.000834357353,relu,0.0008244171699,0.3546969295,0.8984,-16.39493,-10.633505
5,1,12,3,samples,16,adam,0.0,64,True,0.01152874638,lrelu,0.0003766997261,0.6969920397,0.7109,-7.2877593,-9.111176
5,1,13,3,samples,32,adam,0.0,64,True,0.001115632238,relu,0.0004607343261,0.2859085202,0.9297,-12.889836,8.521725
5,1,14,3,BO,8,rms,0.0,64,True,0.003909633908,relu,0.0001956243886,1.170985579,0.5391,-9.317998,-5.1376047
5,1,15,3,BO,32,adam,0.0,64,False,0.001096009262,relu,0.001,0.3312704563,0.9297,-16.132006,8.538303
5,1,16,3,BO,8,adam,0.0,64,True,0.0009481104695,relu,0.0004992702932,0.3829811811,0.9141,-12.1161785,-9.007263
5,1,17,3,BO,32,adam,0.7303931712,64,True,0.0003156259837,relu,0.001,0.5754358768,0.875,-16.040436,7.850567
5,1,18,3,BO,8,rms,0.0,64,False,0.002819287172,lrelu,0.001,0.7434150577,0.8438,-15.717172,-13.205789
5,1,19,3,BO,32,adam,0.5509600334,64,False,0.001012748962,relu,0.001,0.4572412968,0.9141,-15.859685,8.422971
5,1,20,3,samples,32,sgd,0.8187777607,64,True,0.0001989292562,relu,0.0008991233743,0.6229971051,0.8516,-15.091098,9.815917
5,1,21,3,BO,16,adam,0.0,64,True,0.002472074512,relu,0.0006142343538,0.4395392239,0.8906,-12.65974,-8.506488
5,1,22,3,samples,16,sgd,0.8508259092,32,True,0.0002838832308,relu,0.0003185515344,0.6094018817,0.7891,10.736276,-2.9480045
5,1,23,3,samples,16,sgd,0.7554458691,32,True,0.001754033353,lrelu,0.0,0.7738099694,0.8125,7.5364122,-4.3023252
5,1,24,3,samples,32,adam,0.0,64,False,0.0008521819009,tanh,0.0,0.7439392209,0.8047,-9.617381,5.819564
5,1,25,3,samples,32,rms,0.4846506328,32,True,0.003618344389,lrelu,0.0001801709761,0.9905667305,0.6406,-0.1123033,12.950747
5,1,26,3,samples,32,rms,0.5418798429,64,True,0.0005415903811,relu,0.0009613908948,0.4486553371,0.8828,-16.545078,10.216259
5,1,27,3,samples,8,rms,0.6013704,32,False,0.0001711915324,relu,0.0,0.5721544027,0.8047,14.940366,-5.734027
5,1,28,3,samples,32,sgd,0.2898229499,64,True,0.0003294073538,relu,0.0,0.7711236477,0.7891,-7.270412,9.049702
5,1,29,3,BO,8,rms,0.2714166918,64,True,0.002260982867,lrelu,0.001,0.5337529778,0.8984,-15.771186,-13.214072
5,1,30,3,samples,32,adam,0.0,32,False,0.0005122888931,lrelu,0.0,0.6108986139,0.7969,1.5581743,11.102733
5,1,31,3,BO,32,adam,0.0,64,True,0.002133111314,relu,0.0002495991602,0.4101240039,0.8984,-11.912655,8.471528
5,1,32,3,samples,8,rms,0.2705681696,32,False,0.0001683198368,lrelu,0.0,0.4963059425,0.8594,11.54474,-7.2437005
5,1,33,3,BO,8,rms,0.2696611217,32,False,0.0003264417367,lrelu,0.0,0.4154878259,0.9062,11.545384,-7.248647
5,1,34,3,samples,32,adam,0.0,32,False,0.006457374825,lrelu,0.0,0.8104617,0.7422,1.8426083,11.277795
5,1,35,3,BO,16,adam,0.0,64,False,0.00133023091,lrelu,0.001,0.4800363481,0.9141,-13.440028,-12.701022
5,1,36,3,BO,8,rms,0.0,64,True,0.0005519884463,relu,0.0001843244479,0.3762109578,0.9141,-9.323582,-5.1167
5,1,37,3,BO,32,adam,0.791622076,64,True,0.000439340223,relu,0.001,0.5698020458,0.8828,-15.880189,7.9772205
5,1,38,3,BO,16,rms,0.0,64,True,0.000670058199,relu,0.001,0.4752177,0.8672,-18.62705,-10.300167
5,1,39,3,samples,16,adam,0.0,32,False,0.001445439184,lrelu,0.0,0.6812506318,0.8125,11.184784,5.4900618
5,1,40,3,samples,16,adam,0.0,32,False,0.0007161602559,tanh,0.0,0.9704828858,0.7188,8.623671,4.2802987
5,1,41,3,BO,32,adam,0.0,64,False,0.0009423056062,relu,0.001,0.502995193,0.8516,-15.844274,8.397323
5,1,42,3,samples,32,adam,0.0,64,True,0.0009953249488,tanh,0.0007594639058,0.7071529627,0.8516,-14.779598,6.6430535
5,1,43,3,BO,8,rms,0.0,64,True,0.002860437623,relu,0.001,0.7697432637,0.7578,-17.11507,-10.529463
5,1,44,3,BO,32,rms,0.0,64,True,0.001453910592,relu,0.001,0.3974289298,0.8672,-16.982634,9.970053
5,1,45,3,BO,16,rms,0.1631168643,64,True,0.0008615161706,relu,0.001,0.4219563603,0.8828,-18.625055,-10.299472
5,1,46,3,BO,16,adam,0.0,64,False,0.002299209788,lrelu,0.001,0.8572358489,0.8438,-13.438348,-12.696615
5,1,47,3,BO,32,rms,0.0,64,False,0.002120934501,relu,0.001,0.5855221152,0.875,-17.059568,10.6103115
5,1,48,3,samples,32,rms,0.2733981145,64,False,0.004600401503,tanh,0.0002475568141,1.416074276,0.4688,-9.126441,7.5362973
5,1,49,3,BO,32,rms,0.0,64,True,0.001536653272,relu,0.001,0.4366854131,0.875,-16.761694,10.049972
5,1,50,3,samples,8,rms,0.2618196811,64,False,0.001948519852,tanh,0.0,1.228459239,0.5469,-8.226207,-2.8496175
5,1,51,3,BO,16,rms,0.0,64,False,0.0004466908712,relu,0.001,0.485206008,0.8906,-18.20788,-10.507712
5,1,52,3,BO,8,rms,0.4667265193,64,True,0.001143827157,relu,0.001,0.4014675617,0.8906,-17.224403,-11.267922
5,1,53,3,BO,16,rms,0.0,64,True,0.0009612111338,relu,0.001,0.468557775,0.8906,-18.211975,-9.883329
5,1,54,3,BO,8,rms,0.0,64,True,0.001525657575,lrelu,0.001,0.4825016558,0.8984,-16.046598,-13.227534
5,1,55,3,BO,8,rms,0.05130288951,64,False,0.002669909251,lrelu,0.001,0.6737405658,0.8203,-15.724136,-13.207601
5,1,56,3,samples,32,rms,0.9559781989,64,True,0.0006339657737,tanh,0.0,1.310224056,0.5469,-8.764477,7.3282766
5,1,57,3,BO,8,sgd,0.0,64,False,0.001762247815,relu,0.001,0.373496145,0.9062,-16.0113,-8.553904
5,1,58,3,BO,8,rms,0.0,64,False,0.00212254487,relu,0.0009699325052,0.6511805058,0.8281,-16.680386,-10.919291
5,1,59,3,samples,32,sgd,0.7401549734,32,True,0.0007577812393,lrelu,0.0002618010221,0.6312747002,0.8047,1.3794246,13.691516
5,1,60,3,samples,8,sgd,0.1883773525,32,False,0.0001101813835,lrelu,0.0,0.8046925664,0.7344,8.393955,-4.401459
5,1,61,3,samples,32,adam,0.0,32,False,0.0007671192063,lrelu,0.0,0.5399467945,0.8359,1.5678946,11.110377
5,1,62,3,samples,32,rms,0.5820201567,64,False,0.0007727837792,relu,0.0001804988002,0.463412255,0.8672,-9.92934,9.990386
5,1,63,3,BO,32,rms,0.0,64,False,0.002008906633,relu,0.001,0.4400817454,0.8906,-17.189226,10.516081
5,1,64,3,BO,32,adam,0.0,64,False,0.001882777192,relu,0.0004104598847,0.5745261908,0.8359,-12.568463,8.529773
5,1,65,3,BO,8,adam,0.1077646665,64,True,0.001199317855,relu,0.001,0.4535787106,0.8984,-14.088169,-10.075116
5,1,66,3,samples,16,rms,0.136989553,64,True,0.000642756937,relu,0.0,0.5092984438,0.8594,-8.266274,-5.0357423
5,1,67,3,samples,32,sgd,0.4856414031,32,False,0.003608655565,lrelu,0.0,0.8780609369,0.7578,1.8077421,13.2615385
5,1,68,3,BO,32,adam,0.0,64,False,0.001865361937,relu,0.001,0.626986742,0.875,-16.361012,8.504247
5,1,69,3,BO,8,rms,0.04472741808,64,False,0.001122501313,lrelu,0.001,0.7647653222,0.8359,-16.059902,-13.22826
5,1,70,3,BO,8,rms,0.0,64,True,0.003614746677,relu,0.001,1.297178626,0.5703,-17.083912,-10.029979
5,1,71,3,BO,16,adam,0.8443912287,32,True,0.00174397869,relu,0.001,0.5044980049,0.8516,3.5100377,-8.924841
5,1,72,3,BO,8,rms,0.05291333441,64,True,0.002432342481,relu,0.001,0.5036846399,0.8984,-16.813744,-11.115862
5,1,73,3,samples,8,rms,0.2898503149,64,False,0.01163555287,lrelu,0.0,1.647022009,0.5312,-5.765599,-5.83365
5,1,74,3,BO,8,adam,0.1032567198,64,False,0.0008401920818,relu,0.001,0.5351236463,0.8906,-14.111821,-10.126274
5,1,75,3,samples,8,adam,0.0,32,False,0.004366962702,relu,0.0,1.10525322,0.6328,13.758854,2.2940588
5,1,76,3,samples,16,rms,0.2654695633,64,True,0.002762294785,tanh,0.0,1.058781505,0.6172,-7.8754344,-1.9380147
5,1,77,3,BO,8,rms,0.0917243602,64,False,0.003170901503,relu,0.001,0.9801865816,0.6406,-17.086285,-10.305889
5,1,78,3,BO,8,rms,0.0,64,True,0.003808576365,relu,0.001,0.9440675974,0.6328,-17.080818,-10.022404
5,1,79,3,BO,32,rms,0.0,64,False,0.001277794514,relu,0.0008724908461,0.5112808943,0.8672,-16.376656,10.561031
5,1,80,3,BO,8,sgd,0.0,64,True,0.001165537362,relu,0.001,0.3853691518,0.875,-16.010447,-8.574256
5,2,0,11,BO,8,adam,0.0,64,True,0.0004482850317,relu,0.001,0.4272851646,0.9141,-14.530524,-10.175251
5,2,1,11,samples,8,adam,0.0,64,True,0.0009481104695,relu,0.0004992702932,0.4711672366,0.9297,-12.105552,-8.993098
5,2,2,11,BO,32,adam,0.0,64,True,0.00161404145,relu,0.001,0.5983463526,0.9141,-16.6909,8.259225
5,2,3,11,BO,8,adam,0.0,64,True,0.0007804648085,relu,0.001,0.4628846943,0.9219,-14.449703,-9.733793
5,2,4,11,BO,8,adam,0.0,64,True,0.0006388407188,relu,0.001,0.4296959341,0.9141,-14.586088,-9.975871
5,2,5,11,BO,8,adam,0.0,64,True,0.0009926967518,relu,0.001,0.6133343577,0.9062,-14.429366,-9.723942
5,2,6,11,BO,8,sgd,0.0,64,True,0.001056070145,relu,0.001,0.5772198439,0.8906,-16.032833,-8.603588
5,2,7,11,BO,32,adam,0.0,64,True,0.001423212332,relu,0.001,0.5555827618,0.9062,-16.689808,8.255219
5,2,8,11,BO,8,sgd,0.0,64,True,0.001090004725,relu,0.0001378480529,0.2681172192,0.9297,-10.706476,-5.8571453
5,3,0,33,BO,32,adam,0.0,64,True,0.001210542292,relu,0.001,0.5980536938,0.9297,-16.961288,7.8042207
5,4,0,100,BO,8,sgd,0.0,64,True,0.0008626676923,relu,0.001,0.5409052968,0.9219,-19.26883,-12.849742
5,5,0,300,samples,8,sgd,0.0,64,True,0.0008626676923,relu,0.001,0.5820011497,0.9219,0.06557992,-2.99528
4,0,0,3,random,16,adam,0.0,64,True,0.002286171429,relu,0.0003832551342,0.4762684107,0.8828,-11.647833,-8.1741295
4,0,1,3,random,32,adam,0.0,32,True,0.05609402142,relu,0.0,2.312621593,0.0625,8.300766,14.84927
4,0,2,3,random,16,rms,0.987087151,64,True,0.04375902561,lrelu,0.000648327907,53075364.0,0.6797,-1.8056002,-5.3548083
4,0,3,3,random,8,adam,0.0,64,True,0.003618905228,lrelu,0.0007667116377,0.3663842976,0.9141,-13.258203,-12.075435
4,0,4,3,random,8,sgd,0.002100650066,16,False,0.0009481888173,lrelu,0.0,1.315365434,0.5234,8.706815,-3.8568907
4,0,5,3,random,16,sgd,0.692963971,16,False,0.0001823790074,tanh,0.0002291309367,2.137166977,0.3047,7.191274,-0.41682816
4,0,6,3,random,16,adam,0.0,16,True,0.0001351368291,lrelu,0.0,1.978067875,0.2891,11.476272,6.488858
4,0,7,3,random,16,sgd,0.9343224957,32,True,0.0004428578333,tanh,0.000229471898,1.70704031,0.5703,7.399421,-1.2357363
4,0,8,3,random,32,sgd,0.2218296646,64,False,0.001741188183,tanh,0.0003825497749,1.754913688,0.6484,-7.8308825,5.7039957
4,0,9,3,random,32,rms,0.5991159152,64,False,0.0002683317872,relu,0.0,0.3896752894,0.8984,-9.446237,9.603308
4,0,10,3,random,8,sgd,0.7853887277,64,True,0.009317563112,tanh,0.0,1.973907113,0.2578,-7.3419924,-0.25595728
4,0,11,3,random,8,adam,0.0,32,True,0.0004416982299,lrelu,0.0,0.4936777353,0.8359,12.407217,5.167206
4,0,12,3,random,32,sgd,0.6100872921,64,False,0.009915879307,tanh,0.0,1.2669698,0.6719,-7.09331,6.1633625
4,0,13,3,random,8,rms,0.7054144446,32,False,0.01883557755,relu,0.0003240696798,2.321422577,0.0625,16.391787,-5.2102213
4,0,14,3,random,8,sgd,0.696072729,32,False,0.001426672416,relu,0.0005079202658,1.462337852,0.5,6.134848,-7.8613167
4,0,15,3,random,32,rms,0.6093928664,16,False,0.0008642147802,tanh,0.0,1.349477887,0.5859,3.6253567,12.449113
4,0,16,3,random,16,sgd,0.2068501459,16,True,0.010521899,relu,0.0,2.305927038,0.0781,12.190169,-1.3725075
4,0,17,3,random,8,rms,0.5571571258,16,False,0.0006804213233,lrelu,0.0,1.049943924,0.6875,11.532116,-6.4486756
4,0,18,3,random,16,sgd,0.4155196784,64,False,0.0001780865036,tanh,0.0,2.112245321,0.3203,-7.4386687,0.3502682
4,0,19,3,random,8,adam,0.0,32,True,0.000718400152,tanh,0.000469489634,0.9263091087,0.7422,13.8257475,-12.251107
4,0,20,3,random,32,sgd,0.1667836362,16,True,0.03795409915,relu,0.0,2.306176424,0.1172,7.7772045,13.987749
4,0,21,3,random,32,adam,0.0,32,True,0.001729870754,tanh,0.000671328713,1.066261411,0.7344,-3.2007403,16.343159
4,0,22,3,random,16,adam,0.0,32,True,0.05306943732,lrelu,0.0,1.534384727,0.4297,19.32469,1.5394883
4,0,23,3,random,16,rms,0.5801661749,16,False,0.002098795459,lrelu,0.0007416200222,1.139796972,0.7969,8.981661,-10.960388
4,0,24,3,random,8,rms,0.3561480312,64,False,0.01700413017,tanh,0.0,2.727676868,0.0625,-7.1710525,-2.616846
4,0,25,3,random,32,adam,0.0,16,True,0.009680764942,relu,0.0,2.309344769,0.0625,5.5746746,15.325521
4,0,26,3,random,16,adam,0.0,16,False,0.08274175903,relu,0.0001984120195,2.319006205,0.0625,22.066551,1.2586185
4,0,27,3,random,16,adam,0.0,16,True,0.0005464049912,tanh,0.0,1.83593297,0.5469,7.999323,3.679688
4,0,28,3,random,32,sgd,0.3685509223,32,True,0.003450282867,relu,0.0,0.7391360998,0.7578,3.2943308,14.769019
4,0,29,3,random,32,sgd,0.110047284,16,True,0.01971635966,lrelu,0.0008331836693,,0.0781,-0.53538024,15.530653
4,0,30,3,random,32,sgd,0.2188849069,16,True,0.0001355621301,relu,0.0,2.155548334,0.2344,3.4283695,15.356451
4,0,31,3,random,8,adam,0.0,64,False,0.003994678851,relu,0.0,0.6595570445,0.8203,-9.666399,-7.3490753
4,0,32,3,random,16,rms,0.5955020926,32,True,0.001771261241,tanh,0.0,1.2552948,0.6016,14.12273,-8.62531
4,0,33,3,random,8,rms,0.6303787095,32,False,0.005004266287,relu,0.0,2.311356068,0.0625,15.356306,-5.452297
4,0,34,3,random,8,rms,0.3434546269,32,False,0.02048486888,tanh,0.0007967876736,2.593810797,0.0625,11.0817585,-12.784246
4,0,35,3,random,16,sgd,0.1796565442,16,True,0.007748397083,tanh,0.0003123497519,2.198466539,0.2344,6.9564314,-0.4719356
4,0,36,3,random,8,rms,0.7242413004,16,False,0.0002185181323,relu,0.0,1.170952678,0.5781,14.872965,-4.5446434
4,0,37,3,random,8,sgd,0.8631819142,16,True,0.01756607758,relu,0.000339668368,2.163888693,0.1406,13.270714,-2.2468767
4,0,38,3,random,32,sgd,0.9093721696,64,True,0.0004465353297,tanh,0.0,1.697987556,0.6641,-7.5021524,6.3701572
4,0,39,3,random,32,sgd,0.5475511323,32,False,0.00127790412,tanh,0.0006962741655,1.816065073,0.625,-4.1186085,15.686348
4,0,40,3,random,16,adam,0.0,32,False,0.0004658846934,tanh,0.0,1.090612411,0.7266,8.484194,4.3655415
4,0,41,3,random,16,sgd,0.2251055083,64,True,0.001001614913,lrelu,0.0009786086734,0.4227972031,0.8906,-12.816514,-14.139176
4,0,42,3,random,8,sgd,0.5037220332,32,True,0.05522037284,lrelu,0.0,,0.0781,19.644173,0.36656907
4,0,43,3,random,16,adam,0.0,16,True,0.01005533301,relu,6.73e-05,2.31034112,0.0625,11.803193,1.7333106
4,0,44,3,random,16,adam,0.0,16,False,0.06946942575,relu,1.5e-05,2.318179131,0.0625,21.655327,1.463509
4,0,45,3,random,16,rms,0.9216687118,16,True,0.0007433732232,relu,0.0,2.310876131,0.0625,13.983565,-4.658264
4,0,46,3,random,32,sgd,0.274270995,64,False,0.007233612837,tanh,0.0,1.326361656,0.6953,-7.2245283,6.2488956
4,0,47,3,random,8,sgd,0.6344886604,32,True,0.0003269828238,tanh,0.0,1.868519306,0.6016,8.6592045,-1.1695296
4,0,48,3,random,8,rms,0.05644972064,32,False,0.005816237124,lrelu,0.0004211421464,1.235116482,0.7031,10.281174,-9.372195
4,0,49,3,random,16,sgd,0.6751238105,64,True,0.01376890142,tanh,0.0,1.679222465,0.4766,-7.194985,0.17988577
4,0,50,3,random,32,adam,0.0,32,True,0.000580505085,relu,0.0,0.832203567,0.7188,4.9103794,15.344288
4,0,51,3,random,8,sgd,0.207900973,16,False,0.001980192333,tanh,0.0,2.012286186,0.375,8.578749,-0.18649621
4,0,52,3,random,32,sgd,0.213964482,64,True,0.03152481451,lrelu,0.0002751865952,,0.0781,-5.0232477,6.4352093
4,0,53,3,random,16,sgd,0.6197894627,64,True,0.03623755693,relu,0.0,2.31140089,0.0625,-3.0622592,-6.850842
4,0,54,3,random,8,sgd,0.09066758803,16,False,0.0205174127,relu,0.0,2.309277296,0.0625,13.379708,-1.7456725
4,0,55,3,random,8,rms,0.9908209892,64,False,0.0007054936181,lrelu,0.0,3825.871094,0.7578,-6.1812673,-5.4874372
4,0,56,3,random,32,rms,0.7947969505,16,True,0.0004529188183,relu,0.0,2.305752754,0.1172,3.0136878,16.990587
4,0,57,3,random,8,rms,0.5331768689,64,False,0.0006123354267,tanh,0.000275970825,0.9483468533,0.6797,-9.505145,-2.913164
4,0,58,3,random,8,adam,0.0,32,False,0.0001012251247,lrelu,0.0,0.7291325331,0.7656,12.375873,5.1608458
4,0,59,3,random,32,sgd,0.619369162,16,False,0.0001013261978,tanh,0.0,2.290313482,0.1172,4.5122466,12.923021
4,0,60,3,random,32,sgd,0.89642976,16,False,0.0002555052788,relu,0.0001365854555,2.02738905,0.1719,3.0229769,15.409147
4,0,61,3,random,16,adam,0.0,64,True,0.003167060106,tanh,0.0,0.8137078881,0.7578,-9.36862,-0.18510994
4,0,62,3,random,32,rms,0.08523639962,64,True,0.002027977775,relu,0.0,0.4530685246,0.8438,-9.39229,9.628509
4,0,63,3,random,8,adam,0.0,32,True,0.004133919695,tanh,0.0009641797436,1.692745686,0.3672,8.673683,-14.262902
4,0,64,3,random,32,adam,0.0,16,True,0.03389943317,relu,8.02e-07,2.311689615,0.0625,7.279691,14.968181
4,0,65,3,random,32,rms,0.2532238127,64,False,0.01465780048,lrelu,0.0,1.684473872,0.4766,-8.669807,8.652013
4,0,66,3,random,32,adam,0.0,64,True,0.01502275751,tanh,0.000237742724,1.398707509,0.5312,-9.860533,5.356023
4,0,67,3,random,32,adam,0.0,64,True,0.006838583821,relu,0.0,0.6211388111,0.875,-11.088118,8.196855
4,0,68,3,random,32,sgd,0.4950352406,64,False,0.0221325387,lrelu,0.0,,0.0781,-5.348676,6.7366014
4,0,69,3,random,8,rms,0.4802784683,64,True,0.0006825571042,tanh,0.0,0.8018795848,0.7109,-8.517691,-2.8688946
4,0,70,3,random,32,sgd,0.7630385197,32,True,0.0033029243,tanh,0.0007813593499,1.760024428,0.5312,-4.1223235,15.703875
4,0,71,3,random,32,sgd,0.9848246876,32,False,0.00569561254,tanh,0.0,2.264168501,0.2344,4.9434443,13.037966
4,0,72,3,random,32,rms,0.7625712972,16,True,0.006282124132,relu,0.0008158400999,2.311344147,0.0625,-0.23657022,17.650434
4,0,73,3,random,16,adam,0.0,32,True,0.0004504900976,tanh,0.0,1.356927037,0.6797,8.476923,4.3698516
4,0,74,3,random,16,rms,0.4309727439,32,False,0.002026545056,relu,1.53e-05,1.012895703,0.6641,14.050755,-5.619761
4,0,75,3,random,16,sgd,0.06415150107,64,False,0.0001090768113,lrelu,0.0002580963523,0.8891524673,0.7812,-5.369889,-9.7321615
4,0,76,3,random,8,rms,0.3097232272,64,True,0.0001675643213,tanh,0.0,0.8409720659,0.8047,-8.629079,-2.6053183
4,0,77,3,random,8,sgd,0.6683877976,32,True,0.0008830560787,tanh,0.0003313245105,1.755802274,0.5234,8.107639,-1.7331989
4,0,78,3,random,8,adam,0.0,16,False,0.001013872013,lrelu,0.0,0.615920186,0.7812,12.691159,6.282822
4,0,79,3,random,16,adam,0.0,32,False,0.0001963343404,lrelu,0.0005909781603,0.6469908357,0.8125,6.803036,-12.212889
4,0,80,3,random,16,adam,0.0,16,True,0.0002857420283,relu,0.0,1.753911614,0.3984,11.856382,2.2589202
4,0,81,3,random,32,adam,0.0,16,True,0.0001607374879,tanh,0.0009561249335,2.163770199,0.2969,-2.8884814,16.648962
4,0,82,3,random,8,sgd,0.3492289912,64,False,0.007057889842,lrelu,0.0,,0.0781,-5.032226,-8.894903
4,0,83,3,random,32,sgd,0.7966273719,64,False,0.02046175611,tanh,0.0001611639428,1.87531054,0.3203,-6.5339584,5.813955
4,0,84,3,random,8,rms,0.4459975066,16,True,0.01916223133,relu,0.0,2.291153193,0.0625,15.933884,-4.1821194
4,0,85,3,random,16,sgd,0.1408103453,32,True,0.0004586974815,lrelu,0.0005692099415,0.6591258645,0.7734,5.581841,-10.581786
4,0,86,3,random,16,rms,0.1840485706,64,True,0.0005559131024,lrelu,0.0001033382423,0.4022186995,0.9141,-6.140055,-4.823584
4,0,87,3,random,32,rms,0.7137293985,16,True,0.001472897344,relu,0.0005229051627,2.308530331,0.0625,0.586223,17.502247
4,0,88,3,random,32,sgd,0.05203490957,16,True,0.0001909298332,lrelu,0.0005263046111,2.090830803,0.2422,0.32861784,14.75432
4,0,89,3,random,8,sgd,0.741250503,16,False,0.07742089839,lrelu,0.0,,0.0781,20.847317,0.6132948
4,0,90,3,random,32,sgd,0.09858916042,64,False,0.0005275577522,tanh,0.0006964468319,2.105359554,0.3203,-13.485528,6.2847896
4,0,91,3,random,32,rms,0.2713669288,16,False,0.002183007906,relu,0.0,2.307784557,0.0625,3.0593076,16.997093
4,0,92,3,random,32,adam,0.0,16,False,0.0001213900233,relu,0.0007984702671,2.126947165,0.25,-1.7622335,17.680376
4,0,93,3,random,16,adam,0.0,32,False,0.003478254272,relu,0.0005712030832,1.151012659,0.5938,3.6023004,-8.606077
4,0,94,3,random,16,sgd,0.6574440309,64,True,0.01416073867,relu,0.0008582731566,2.304810047,0.1172,-15.739475,-7.559564
4,0,95,3,random,8,adam,0.0,32,True,0.003326869461,relu,0.0,0.7294949889,0.7344,13.7102785,2.3418415
4,0,96,3,random,8,adam,0.0,64,False,0.005201874953,tanh,0.0005878392871,1.641010404,0.375,-10.959976,-10.486969
4,0,97,3,random,8,rms,0.4255936824,64,True,0.002809776283,tanh,0.0,1.186496973,0.6094,-8.117591,-2.8240342
4,1,0,11,BO,32,rms,0.0614355202,64,True,0.002585816601,relu,0.0,0.5625068545,0.8906,-9.134605,9.918406
4,1,1,11,samples,8,adam,0.0,64,False,0.003994678851,relu,0.0,0.5966521502,0.8906,-9.515703,-7.0946436
4,1,2,11,BO,16,rms,0.1628307168,64,True,0.0001769247506,lrelu,0.001,0.4677374959,0.9141,-16.286678,-14.104712
4,1,3,11,BO,8,adam,0.0,64,True,0.005080110677,lrelu,0.001,0.5385543704,0.8828,-13.682096,-12.217118
4,1,4,11,samples,8,adam,0.0,32,True,0.000718400152,tanh,0.000469489634,0.5625485182,0.8047,13.826021,-12.25138
4,1,5,11,BO,16,rms,0.1910309272,64,True,0.0007125001458,lrelu,0.001,0.5055440068,0.9141,-16.284353,-14.102542
4,1,6,11,samples,16,rms,0.4309727439,32,False,0.002026545056,relu,1.53e-05,0.6203831434,0.7969,14.053574,-5.623603
4,1,7,11,BO,32,rms,0.05868281851,64,True,0.001881341553,relu,0.0,0.5759609342,0.8828,-9.149101,9.902852
4,1,8,11,BO,16,rms,0.0,64,True,0.002054124838,relu,0.001,0.4495378137,0.875,-18.281046,-10.842093
4,1,9,11,BO,8,sgd,0.0,32,True,0.001090015198,lrelu,0.0,0.3242824078,0.9219,8.330368,-4.3779945
4,1,10,11,BO,16,rms,0.1535483482,64,True,0.0008183368694,lrelu,0.000632498121,0.5283026695,0.8984,-15.256335,-14.671024
4,1,11,11,BO,8,adam,0.0,32,False,0.0004134262942,lrelu,0.0,0.7673788071,0.8828,12.303251,5.157164
4,1,12,11,samples,16,sgd,0.1408103453,32,True,0.0004586974815,lrelu,0.0005692099415,0.4244568348,0.8828,5.535491,-10.5883875
4,1,13,11,samples,8,adam,0.0,16,False,0.001013872013,lrelu,0.0,0.5699079633,0.8828,12.534367,6.4204087
4,1,14,11,BO,8,adam,0.0,64,False,0.005036699469,relu,0.0,1.179946065,0.6406,-9.401283,-7.156876
4,1,15,11,samples,8,rms,0.4802784683,64,True,0.0006825571042,tanh,0.0,0.6174550056,0.8047,-8.6094265,-2.486127
4,1,16,11,BO,16,sgd,0.2885672191,64,True,0.001608139333,lrelu,0.001,0.380271256,0.9219,-12.826726,-14.149133
4,1,17,11,BO,8,adam,0.0,64,False,0.003207759329,relu,0.0,0.8099507093,0.875,-9.778186,-7.110943
4,1,18,11,BO,16,sgd,0.3737098441,64,True,0.001337092036,lrelu,0.001,0.4000694752,0.8906,-12.827943,-14.150184
4,1,19,11,samples,16,adam,0.0,32,False,0.0004658846934,tanh,0.0,0.6537772417,0.8047,8.285563,4.380468
4,1,20,11,samples,8,rms,0.5331768689,64,False,0.0006123354267,tanh,0.000275970825,0.7708947062,0.7891,-9.493894,-2.9010634
4,1,21,11,samples,16,adam,0.0,64,True,0.002286171429,relu,0.0003832551342,0.4975266755,0.9219,-11.653207,-8.169727
4,1,22,11,samples,32,rms,0.5991159152,64,False,0.0002683317872,relu,0.0,0.4885321259,0.9141,-9.181491,9.878188
4,1,23,11,samples,32,adam,0.0,32,True,0.001729870754,tanh,0.000671328713,0.6568953395,0.7969,-3.1972127,16.332693
4,1,24,11,samples,8,rms,0.05644972064,32,False,0.005816237124,lrelu,0.0004211421464,1.434780002,0.8203,10.267384,-9.377673
4,1,25,11,samples,16,sgd,0.06415150107,64,False,0.0001090768113,lrelu,0.0002580963523,0.6418501735,0.8438,-5.3661666,-9.760337
4,1,26,11,samples,8,rms,0.3097232272,64,True,0.0001675643213,tanh,0.0,0.4351387322,0.8672,-8.646817,-2.4987545
4,1,27,11,BO,16,rms,0.1119618889,64,True,0.001771235373,lrelu,0.000866951301,0.559779942,0.9219,-15.870578,-14.338715
4,1,28,11,BO,8,adam,0.0,32,False,0.000753099672,lrelu,0.001,0.560357511,0.875,6.7254963,-13.181198
4,1,29,11,samples,8,adam,0.0,32,False,0.0001012251247,lrelu,0.0,0.4573892653,0.8359,12.295803,5.155833
4,1,30,11,BO,16,adam,0.0,64,True,0.002938618122,relu,0.0005854829033,0.432300061,0.9141,-12.514902,-8.4373865
4,1,31,11,BO,16,adam,0.0,64,True,0.003797637325,relu,0.001,0.6071364284,0.9062,-14.178819,-9.186903
4,1,32,11,BO,8,adam,0.0,16,False,0.0006487054153,lrelu,0.0,0.6062646508,0.8672,12.539606,6.4261703
4,2,0,33,BO,16,rms,0.2002006662,64,True,0.002351691183,lrelu,0.001,1.685159445,0.9062,-16.749754,-14.155985
4,2,1,33,samples,16,sgd,0.1408103453,32,True,0.0004586974815,lrelu,0.0005692099415,0.4710680544,0.8828,5.352256,-10.598308
4,2,2,33,BO,16,rms,0.0,64,True,0.00279958649,relu,0.001,0.8955036998,0.8984,-18.541805,-11.402529
4,2,3,33,BO,16,sgd,0.0890069454,32,True,0.000702679984,lrelu,0.001,0.4362784326,0.8672,5.089934,-11.520078
4,3,0,100,BO,16,rms,0.1243119528,64,True,0.00258983268,lrelu,0.001,0.9886696935,0.9062,-17.65885,-14.354097
4,4,0,299,samples,16,rms,0.1243119528,64,True,0.00258983268,lrelu,0.001,0.7725031376,0.9141,0.12812918,-2.6917267
3,0,0,11,random,32,adam,0.0,16,True,0.0001694752473,tanh,0.000461984731,1.796082497,0.6016,-2.4596426,15.773382
3,0,1,11,random,16,sgd,0.06315215182,64,False,0.0001425397373,tanh,0.0,1.999694109,0.4766,-7.435265,0.35122672
3,0,2,11,random,8,rms,0.5117825987,16,True,0.0001958840591,relu,5.51e-05,0.6144997478,0.8281,14.872836,-4.5219655
3,0,3,11,random,8,adam,0.0,32,True,0.03265741497,lrelu,0.0,0.6278944016,0.8281,17.696167,2.3747454
3,0,4,11,random,8,rms,0.8522899505,32,True,0.01126219954,lrelu,0.0,285.300415,0.8828,11.742773,-7.604936
3,0,5,11,random,32,adam,0.0,64,True,0.0003834927106,relu,0.0009700480626,0.5017591715,0.8984,-16.189358,7.744565
3,0,6,11,random,16,rms,0.1308048293,64,True,0.001079037012,relu,0.0008786438187,0.4904409051,0.9297,-18.26664,-10.942717
3,0,7,11,random,32,adam,0.0,16,True,0.003919208217,tanh,0.0,1.795554996,0.3516,4.5730624,11.20943
3,0,8,11,random,8,rms,0.9226717938,32,False,0.002812420252,relu,0.0008477823763,2.313944817,0.0625,7.5502396,-9.316111
3,0,9,11,random,16,sgd,0.0187199678,32,False,0.0001418054813,lrelu,0.0,0.5863870382,0.8203,7.441563,-4.276932
3,0,10,11,random,32,adam,0.0,32,False,0.02450302182,lrelu,0.0006939709965,1.565815568,0.5156,-1.3092687,15.867785
3,0,11,11,random,32,rms,0.3722402753,16,False,0.0001051746807,tanh,0.0008737412947,1.52126503,0.6875,-3.1402636,15.098576
3,0,12,11,random,16,rms,0.4489596925,16,False,0.0002737372322,lrelu,0.0006233748065,0.546408236,0.8594,9.121763,-10.710034
3,0,13,11,random,32,adam,0.0,64,True,0.002512931143,relu,2.66e-06,0.5431726575,0.8984,-11.087725,8.270285
3,0,14,11,random,32,sgd,0.2613869571,64,True,0.004387771386,relu,0.0,1.327025175,0.6797,-7.205447,8.988408
3,0,15,11,random,16,adam,0.0,16,False,0.002058927923,relu,0.0,0.9224814773,0.6484,11.728909,2.20474
3,0,16,11,random,8,adam,0.0,16,False,0.0004522757197,tanh,0.0,0.8880211115,0.7109,8.31098,2.825652
3,0,17,11,random,16,rms,0.01968315259,16,False,0.03769085113,lrelu,0.0,1.069627166,0.6641,18.73566,-1.9980879
3,0,18,11,random,8,rms,0.4064195539,64,False,0.04999401327,tanh,0.0,6.254480839,0.0625,-1.906333,1.134898
3,0,19,11,random,8,sgd,0.3731909919,64,False,0.004221043505,relu,0.0001201512801,1.83626163,0.1953,-10.683105,-5.858354
3,0,20,11,random,8,rms,0.5906100031,32,False,0.007509799967,tanh,0.0,2.204275608,0.1719,13.755536,-8.889527
3,0,21,11,random,32,sgd,0.003065649034,16,True,0.0006367173378,tanh,0.0,2.085385799,0.3672,4.515498,12.9242935
3,0,22,11,random,8,sgd,0.7581439141,32,False,0.0003553730613,relu,0.0007290174948,0.8719503284,0.8672,5.8586245,-8.379676
3,0,23,11,random,16,adam,0.0,16,False,0.002647370173,lrelu,0.0,0.830637157,0.8594,11.396078,6.6002116
3,0,24,11,random,32,rms,0.3929415404,32,False,0.0002579724081,relu,0.0005627814001,0.5697013736,0.8828,0.52168566,17.183798
3,0,25,11,random,8,rms,0.6811248453,32,False,0.04997418895,lrelu,0.0,28830.5957,0.6719,19.415419,-0.87418133
3,0,26,11,random,32,sgd,0.7082820574,16,False,0.0006514463038,relu,0.0004069312044,1.285578251,0.5,2.1735787,15.54658
3,0,27,11,random,16,rms,0.4087723893,32,True,0.0001933928749,lrelu,0.0,0.3504638076,0.9219,10.613226,-7.1361074
3,0,28,11,random,8,rms,0.9140397753,32,True,0.004937828535,relu,0.0,2.311057329,0.0625,15.375606,-5.4895263
3,0,29,11,random,16,adam,0.0,16,True,0.0002291881792,tanh,0.0,1.471570492,0.6562,7.9568443,3.644438
3,0,30,11,random,16,rms,0.4844288008,64,False,0.00719540919,relu,0.0,2.311351061,0.0625,-8.218108,-5.056798
3,0,31,11,random,16,adam,0.0,64,True,0.07660936967,tanh,0.0,2.318740845,0.0625,-1.3858186,2.7379165
3,0,32,11,random,32,rms,0.7534584017,16,True,0.0001546369355,lrelu,0.0,0.5978111625,0.8047,0.14298788,12.344118
3,0,33,11,random,16,sgd,0.05669143638,32,False,0.0439635362,tanh,0.0,2.243742704,0.1484,17.231358,-0.16457932
3,0,34,11,random,32,sgd,0.6717146712,16,True,0.0001148213291,tanh,0.0002012015175,2.179800034,0.25,4.3611255,13.002614
3,0,35,11,random,16,rms,0.1727106233,32,True,0.004958769333,tanh,0.0,1.374818087,0.5234,14.116121,-8.607614
3,0,36,11,random,16,rms,0.1856190838,64,True,0.007711342489,tanh,0.0,1.160251737,0.5703,-7.5322556,-1.9988539
3,0,37,11,random,16,sgd,0.3398377701,32,True,0.05745395975,lrelu,0.0,,0.0781,19.84943,0.77839273
3,0,38,11,random,8,rms,0.7555238352,32,False,0.05092611321,lrelu,0.0004005595662,8043.546875,0.6719,19.85937,-1.1287165
3,0,39,11,random,8,sgd,0.3458307466,16,True,0.0006984965798,tanh,0.0,1.864420891,0.5859,8.522526,-0.13243362
3,0,40,11,random,8,rms,0.8004706989,16,False,0.01282677913,lrelu,0.0005758232496,15.81128597,0.4922,9.701044,-11.343251
3,1,0,33,samples,32,rms,0.7534584017,16,True,0.0001546369355,lrelu,0.0,0.6454084516,0.8594,-0.1070929,12.088139
3,1,1,33,samples,8,rms,0.5117825987,16,True,0.0001958840591,relu,5.51e-05,0.9143415093,0.8594,14.904716,-4.3187885
3,1,2,33,samples,32,adam,0.0,64,True,0.0003834927106,relu,0.0009700480626,0.5555894971,0.9297,-16.723394,7.5864053
3,1,3,33,samples,32,rms,0.3929415404,32,False,0.0002579724081,relu,0.0005627814001,0.896669507,0.875,0.50653625,17.064539
3,1,4,33,samples,8,sgd,0.7581439141,32,False,0.0003553730613,relu,0.0007290174948,1.026040077,0.875,5.8717403,-8.371959
3,1,5,33,samples,16,rms,0.4087723893,32,True,0.0001933928749,lrelu,0.0,0.6262646914,0.9375,10.313133,-7.1522036
3,1,6,33,samples,8,adam,0.0,16,False,0.0004522757197,tanh,0.0,0.5512593985,0.8047,7.8449655,2.7279842
3,1,7,33,samples,16,sgd,0.0187199678,32,False,0.0001418054813,lrelu,0.0,0.4506115615,0.875,7.012884,-4.155135
3,1,8,33,samples,16,adam,0.0,16,False,0.002058927923,relu,0.0,0.959049046,0.7969,11.3722515,2.332335
3,1,9,33,samples,16,adam,0.0,16,False,0.002647370173,lrelu,0.0,0.844160676,0.8984,11.268175,7.00022
3,1,10,33,samples,8,adam,0.0,32,True,0.03265741497,lrelu,0.0,6.72516489,0.8828,17.68038,2.4273508
3,1,11,33,samples,16,rms,0.4489596925,16,False,0.0002737372322,lrelu,0.0006233748065,0.8559535146,0.8984,9.14075,-10.617273
3,1,12,33,samples,32,adam,0.0,64,True,0.002512931143,relu,2.66e-06,0.6915829778,0.9141,-11.001888,8.372332
3,1,13,33,samples,16,rms,0.1308048293,64,True,0.001079037012,relu,0.0008786438187,0.8834263682,0.9219,-18.75421,-11.248239
3,2,0,100,samples,16,sgd,0.0187199678,32,False,0.0001418054813,lrelu,0.0,0.4277389646,0.8828,5.2195406,-3.5263097
3,2,1,100,samples,8,adam,0.0,16,False,0.0004522757197,tanh,0.0,0.5231788158,0.875,6.00761,2.1971843
3,3,0,300,samples,16,sgd,0.0187199678,32,False,0.0001418054813,lrelu,0.0,0.4872710407,0.8906,1.3565563,-2.688689
2,0,0,33,random,8,adam,0.0,32,True,0.01379512884,lrelu,0.0009519355123,0.4478294253,0.8828,6.61464,-13.526417
2,0,1,33,random,16,rms,0.1889309141,64,False,0.0003223170848,lrelu,0.0,0.6276683807,0.9297,-5.5723224,-4.492517
2,0,2,33,random,32,adam,0.0,16,True,0.0001028426174,lrelu,0.0,0.8695160151,0.75,1.7090662,10.295263
2,0,3,33,random,32,adam,0.0,32,False,0.0002550807567,lrelu,0.0,0.4618270397,0.8828,1.1113857,10.679169
2,0,4,33,random,32,rms,0.7972003056,32,True,0.001766934171,lrelu,0.0,0.66798985,0.875,-0.27632776,12.200569
2,0,5,33,random,8,sgd,0.05311794018,64,True,0.008224552681,lrelu,0.0003817132185,,0.0781,-5.3805566,-10.180652
2,0,6,33,random,32,rms,0.07039538104,32,True,0.0003087653727,relu,0.0004302292755,0.5033173561,0.9219,0.78250426,17.001663
2,0,7,33,random,16,adam,0.0,16,False,0.01131607887,lrelu,0.0,1.157403111,0.8359,11.191734,7.1400905
2,0,8,33,random,8,adam,0.0,16,False,0.001288191105,tanh,0.0003259623592,1.016815305,0.7188,7.514257,2.3775306
2,0,9,33,random,16,rms,0.66564036,32,True,0.007220679111,lrelu,6.2e-06,14.21026039,0.8984,10.347137,-7.249923
2,0,10,33,random,8,rms,0.9483919169,32,True,0.0002707451359,relu,0.0,2.310317039,0.0625,15.3717575,-6.0849795
2,0,11,33,random,8,sgd,0.9336156648,64,True,0.02879930997,lrelu,0.0,,0.0781,-4.4372873,-8.1294565
2,0,12,33,random,32,adam,0.0,64,False,0.04937129559,tanh,0.0,2.149946213,0.1719,-2.848663,4.0086412
2,0,13,33,random,8,sgd,0.4055821396,32,False,0.03435605367,tanh,0.0,2.311010122,0.0625,16.691372,-0.28107128
2,0,14,33,random,32,rms,0.5780684745,32,False,0.003501703984,lrelu,0.0006369736844,0.8384810686,0.875,-1.1447567,14.160637
2,0,15,33,random,16,sgd,0.7951648745,16,False,0.001425300402,lrelu,0.0,0.7230798602,0.875,6.8474813,-4.1969
2,0,16,33,random,16,sgd,0.316676249,64,True,0.01291143844,lrelu,0.0006033055395,,0.0781,-5.8531666,-10.671273
2,0,17,33,random,8,adam,0.0,64,True,0.0003792152024,tanh,0.0,0.3971098661,0.9141,-9.649195,-0.96413726
2,1,0,100,samples,32,rms,0.7972003056,32,True,0.001766934171,lrelu,0.0,1.620182872,0.8828,-1.2894769,10.933508
2,1,1,100,samples,32,adam,0.0,32,False,0.0002550807567,lrelu,0.0,0.5773704052,0.8906,-0.7874601,10.195782
2,1,2,100,samples,8,adam,0.0,32,True,0.01379512884,lrelu,0.0009519355123,0.4072636664,0.9375,6.205668,-13.907582
2,1,3,100,samples,16,rms,0.1889309141,64,False,0.0003223170848,lrelu,0.0,1.143865466,0.9453,-4.606948,-3.8459518
2,1,4,100,samples,8,adam,0.0,64,True,0.0003792152024,tanh,0.0,0.3136280179,0.9375,-3.6134412,-2.0971658
2,1,5,100,samples,32,rms,0.07039538104,32,True,0.0003087653727,relu,0.0004302292755,0.4888327122,0.9219,-2.9109647,11.935269
2,2,0,299,samples,8,adam,0.0,64,True,0.0003792152024,tanh,0.0,0.5439481139,0.9141,0.8426586,-3.3430898
1,0,0,100,random,32,rms,0.1430474334,64,False,0.0003655490083,relu,0.0,1.122645259,0.9141,-5.701384,10.982354
1,0,1,100,random,8,adam,0.0,64,True,0.0001978001523,relu,0.0,0.810752809,0.9219,-3.553682,-2.3412323
1,0,2,100,random,32,adam,0.0,32,True,0.001187559483,relu,0.0,0.6612812281,0.9219,-1.0642499,10.018178
1,0,3,100,random,8,adam,0.0,64,False,0.0002828609897,tanh,6.76e-05,0.3260513544,0.9141,-3.611653,-2.0969813
1,0,4,100,random,16,rms,0.3283095091,32,True,0.03382785457,relu,0.0,2.310107946,0.0625,4.3815804,-2.302776
1,0,5,100,random,16,sgd,0.8484322914,32,False,0.003973262193,relu,0.0,2.310793877,0.0625,5.002313,-3.2958713
1,0,6,100,random,8,rms,0.08283864101,32,False,0.00189682956,tanh,0.0,1.208401561,0.5625,5.3673835,1.7605504
1,0,7,100,random,32,rms,0.08206885862,32,True,0.003870777434,tanh,0.0005697145982,0.5224356651,0.8594,-3.1784883,12.104703
1,0,8,100,random,32,rms,0.249974918,64,True,0.007237958889,tanh,0.0002059019539,0.4746024311,0.8906,-5.429087,10.981185
1,1,0,300,samples,32,rms,0.249974918,64,True,0.007237958889,tanh,0.0002059019539,0.4582249224,0.8828,0.5443977,-2.3694084
1,1,1,300,samples,32,rms,0.08206885862,32,True,0.003870777434,tanh,0.0005697145982,0.4782702029,0.8984,0.752772,-2.0970755
1,1,2,300,samples,8,adam,0.0,64,False,0.0002828609897,tanh,6.76e-05,0.647349596,0.8984,0.803165,-3.3174388
0,0,0,300,random,16,adam,0.0,16,True,0.004208686817,lrelu,3.47e-05,1.730300903,0.875,1.5385969,-2.5098882
0,0,1,300,random,32,adam,0.0,16,False,0.0006705860432,lrelu,0.0006332054196,0.9537600875,0.8828,1.1554426,-1.9697177
0,0,2,300,random,8,rms,0.4904176369,64,True,0.001062933507,tanh,0.0,0.5371533036,0.8906,0.69510937,-3.2606084
0,0,3,300,random,16,sgd,0.3627138513,32,True,0.004419310474,relu,0.0,1.571169019,0.3984,1.3291618,-2.800121
0,0,4,300,random,8,adam,0.0,16,False,0.07185845563,lrelu,0.0,1298.374268,0.8594,2.2188344,-2.6343637
0,0,5,300,random,16,adam,0.0,64,True,0.003913068603,relu,0.0,3.959342957,0.9062,0.9065554,-3.1146955
